draft_yr,age_first_yr,draft_pick,hght_noshoes,hght_wtshoes,wingspan,standing_reach,vert_max,vert_maxreach,vert_nostep,weight,body_fat,hand_length,hand_width,clg_games_plyd,pts_ppg,rpg,ast,fg2_pct,fg3_pct,ft_pct,guards,forwards,centers,drafted,nba_gms_plyed
2013,21,40,80.75,82.25,86.0,109.0,34.0,143.0,28.5,232,10.1,8.5,9.25,34,5.2,1,1,0.409,0.41,0.82,0,1,0,1,8
2015,21,14,72.75,73.5,79.25,97.5,35.5,133.0,30.0,183,6.3,8.5,8.25,69,18.5,1,1,0.43200000000000005,0.36,0.78,1,0,0,1,111
2014,21,0,79.5,80.75,86.25,106.5,34.0,140.5,29.5,228,6.2,9.25,9.0,108,11.4,1,1,0.447,0.0,0.57,0,1,0,0,111
2014,23,0,81.25,82.75,87.5,109.5,31.5,141.0,28.5,252,13.6,9.25,10.5,101,10.0,1,1,0.488,0.25,0.68,0,0,1,0,5
2013,21,27,84.5,86.0,92.5,115.0,29.0,144.0,25.0,238,4.4,9.75,10.0,0,0.0,1,1,0.0,0.0,0.0,0,0,1,1,323
2013,21,18,70.25,71.5,70.75,89.5,44.0,133.5,34.5,171,3.8,7.5,8.75,68,11.2,1,1,0.43799999999999994,0.38,0.81,1,0,0,1,254
2013,19,29,75.75,77.25,81.5,102.0,36.0,138.0,30.0,189,4.6,8.5,9.0,33,14.1,1,1,0.44,0.27,0.64,1,0,0,1,165
2009,24,36,77.25,78.75,82.75,105.5,33.0,138.5,27.5,223,4.9,8.76437251695283,9.432295608699794,143,13.2,1,1,0.498,0.36,0.69,0,1,0,1,249
2009,22,28,76.25,77.25,78.5,100.0,38.0,138.0,31.5,202,5.5,8.378546017310654,9.11712043029464,115,14.7,1,1,0.46299999999999997,0.4,0.81,1,0,0,1,590
2013,20,0,76.75,77.75,85.0,99.0,40.5,139.5,34.5,232,7.5,9.25,9.5,55,10.7,1,1,0.426,0.33,0.75,0,1,0,0,6
2009,19,17,75.25,76.25,79.0,100.5,34.0,134.5,28.5,199,6.3,8.423937370209734,9.154199863048188,35,8.5,1,1,0.45,0.31,0.73,1,0,0,1,583
2015,23,0,72.25,74.0,76.0,96.5,31.0,127.5,24.5,179,6.7,7.5,8.25,143,11.0,1,1,0.43200000000000005,0.38,0.85,1,0,0,0,46
2012,20,12,76.0,77.25,83.0,102.0,38.0,140.0,31.5,179,4.5,8.75,9.25,75,14.1,1,1,0.48200000000000004,0.35,0.81,1,1,0,1,355
2012,22,46,78.0,79.5,81.0,101.0,37.0,138.0,33.0,233,7.5,8.5,8.75,152,8.2,1,1,0.44799999999999995,0.38,0.82,0,1,0,1,182
2009,21,35,79.25,80.5,84.75,106.5,34.5,141.0,29.5,243,6.6,8.94593792854915,9.580613339713985,101,11.2,1,1,0.439,0.35,0.73,0,1,0,1,83
2011,21,37,80.5,81.75,85.0,107.5,30.5,138.0,27.5,239,15.5,9.25,9.75,89,15.7,1,1,0.469,0.36,0.73,0,1,0,1,24
2015,23,20,76.25,77.5,79.5,101.5,31.0,132.5,29.5,181,6.6,8.0,8.5,68,15.0,1,1,0.535,0.3,0.81,1,0,0,1,121
2009,27,0,79.75,80.25,82.25,105.0,31.0,136.0,26.0,209,10.1,8.718981164053751,9.395216175946247,0,0.0,1,1,0.0,0.0,0.0,0,1,0,0,322
2012,22,49,80.5,82.0,88.75,106.5,31.5,138.0,31.5,241,8.0,9.5,10.0,129,12.5,1,1,0.5529999999999999,0.26,0.69,0,1,0,1,396
2015,19,11,81.75,83.5,88.0,112.0,31.686698139018027,142.6483045556355,27.477764503084654,239,9.3,9.25,9.25,34,10.1,1,1,0.455,0.27,0.84,0,0,1,1,205
2015,22,44,76.5,77.5,81.0,100.0,33.0,133.0,26.5,213,5.9,8.25,9.25,79,10.1,1,1,0.37200000000000005,0.37,0.78,1,0,0,1,128
2010,21,14,80.0,81.25,85.25,107.0,33.5,140.5,28.5,240,5.3,9.25,10.25,97,16.1,1,1,0.585,0.33,0.73,0,1,0,1,557
2010,22,11,81.0,83.25,88.75,111.5,28.0,139.5,23.0,236,8.5,9.0,9.25,111,9.4,1,1,0.574,0.0,0.73,0,0,1,1,338
2013,22,23,77.5,79.0,81.0,103.0,37.5,140.5,29.5,226,7.6,9.0,10.5,139,10.3,1,1,0.48100000000000004,0.38,0.75,0,1,0,1,259
2012,21,23,75.25,76.25,80.5,98.0,36.5,134.5,30.5,212,7.1,9.0,9.0,98,16.9,1,1,0.46799999999999997,0.44,0.86,1,0,0,1,145
2011,24,0,77.75,78.5,82.5,103.5,36.0,139.5,32.5,205,4.8,8.5,10.0,103,12.7,1,1,0.444,0.35,0.67,1,0,0,0,3
2015,22,28,76.5,78.0,82.5,104.0,33.5,137.5,27.5,185,6.0,8.5,8.25,99,18.4,1,1,0.423,0.35,0.85,1,0,0,1,43
2011,22,10,72.75,74.5,76.5,96.5,33.0,129.5,28.0,196,7.7,8.0,8.5,139,18.7,1,1,0.455,0.39,0.88,1,0,0,1,235
2009,22,41,75.0,76.0,76.5,98.0,37.0,135.0,28.5,211,8.0,8.196980605714336,8.96880269928045,81,15.4,1,1,0.436,0.39,0.89,1,0,0,1,530
2013,24,50,77.75,79.0,83.5,104.5,36.5,141.0,29.5,201,4.5,8.5,8.75,0,0.0,1,1,0.0,0.0,0.0,0,1,0,1,218
2015,20,0,81.25,82.5,87.25,111.5,31.882100610838954,142.06911268046534,27.598304561286415,216,14.7,9.25,10.75,63,10.4,1,1,0.47700000000000004,0.26,0.75,0,1,0,0,30
2012,19,9,81.75,83.75,90.25,109.5,33.5,143.0,31.5,279,7.5,9.5,9.5,34,10.0,1,1,0.5379999999999999,0.0,0.3,0,0,1,1,463
2012,21,4,74.5,76.0,79.25,98.0,37.15796735000396,135.89106601198358,30.852886132733964,221,8.5,8.5,9.5,71,9.7,1,1,0.45299999999999996,0.35,0.75,1,0,0,1,365
2010,23,0,70.25,71.75,74.5,94.0,33.0,127.0,27.5,217,9.2,8.5,9.5,143,13.2,1,1,0.444,0.38,0.81,1,0,0,0,20
2010,20,8,79.25,80.5,87.25,108.5,33.5,142.0,27.0,216,8.2,9.5,9.5,62,14.4,1,1,0.47600000000000003,0.24,0.69,0,1,0,1,587
2015,22,37,80.25,81.5,85.5,108.0,36.0,144.0,32.5,243,8.8,8.5,8.5,95,11.5,1,1,0.5539999999999999,0.35,0.7,0,1,0,1,154
2012,24,44,76.5,77.75,78.5,98.0,36.5,134.5,29.0,192,4.3,8.5,8.75,141,11.1,1,1,0.42,0.39,0.73,1,0,0,1,41
2011,23,53,77.0,78.25,83.0,103.5,31.0,134.5,27.0,202,5.0,8.75,10.0,100,5.8,1,1,0.40700000000000003,0.33,0.64,1,0,0,1,175
2013,23,56,71.5,73.0,75.0,93.0,41.5,134.5,33.5,181,6.1,8.0,9.75,144,8.4,1,1,0.41700000000000004,0.29,0.74,1,0,0,1,24
2011,22,60,68.75,70.25,73.75,91.5,40.0,131.5,31.5,186,6.7,8.25,9.0,105,16.4,1,1,0.426,0.33,0.71,1,0,0,1,473
2015,20,12,81.0,82.25,85.5,108.0,33.249917913585435,140.71766497173496,28.442084968698744,241,12.1,9.25,10.25,36,8.7,1,1,0.488,0.14,0.74,0,1,0,1,223
2012,23,31,78.0,79.25,78.25,101.5,40.0,141.5,33.5,213,4.2,8.25,9.75,115,12.4,1,1,0.509,0.0,0.78,1,0,0,1,56
2015,22,27,79.5,80.5,85.5,108.0,37.5,145.5,29.0,227,6.4,9.0,9.75,117,11.5,1,1,0.5329999999999999,0.0,0.63,0,1,0,1,920
2013,25,42,69.5,70.5,70.0,90.0,40.28440689913877,128.7476995515515,32.781527063962145,176,4.5,7.5,8.25,74,16.7,1,1,0.441,0.38,0.81,1,0,0,1,8
2010,21,20,76.75,77.75,80.5,104.0,35.5,139.5,30.0,208,7.9,9.0,7.0,101,17.9,1,1,0.46,0.38,0.8,1,0,0,1,247
2014,23,24,71.0,73.0,75.25,93.0,37.5,130.5,30.5,175,7.4,8.25,8.5,143,13.7,1,1,0.41100000000000003,0.38,0.81,1,0,0,1,231
2015,22,46,75.0,76.25,82.75,102.5,40.5,143.0,32.5,215,6.4,9.25,9.0,141,9.8,1,1,0.461,0.31,0.75,1,0,0,1,193
2010,23,21,80.5,81.75,84.0,109.0,35.0,144.0,26.0,229,7.9,9.5,11.25,96,16.0,1,1,0.445,0.29,0.73,0,1,0,1,17
2011,21,34,73.0,74.5,79.5,96.5,39.0,135.5,32.0,209,7.1,8.25,9.25,108,14.1,1,1,0.419,0.36,0.76,1,0,0,1,397
2015,23,0,72.5,74.0,74.0,96.5,31.5,128.0,26.0,188,7.3,7.5,7.0,139,10.2,1,1,0.49,0.38,0.75,1,0,0,0,236
2009,27,0,76.25,77.5,81.0,102.5,33.5,136.0,27.0,211,7.1,8.605502781806052,9.30251759406238,130,15.7,1,1,0.426,0.36,0.78,1,0,0,0,31
2011,23,21,73.5,75.5,77.5,99.0,34.0,133.0,28.5,188,5.6,8.5,9.25,143,13.4,1,1,0.44799999999999995,0.37,0.8,1,0,0,1,84
2013,26,0,74.75,76.0,82.25,98.0,39.5,137.5,33.5,201,5.3,8.5,9.5,138,12.0,1,1,0.384,0.33,0.72,1,0,0,0,62
2009,21,19,72.25,73.5,79.5,98.5,36.5,135.0,30.5,175,4.5,8.469328723108813,9.191279295801735,61,16.4,1,1,0.462,0.42,0.81,1,0,0,1,668
2009,23,32,75.5,76.75,80.75,101.0,37.5,138.5,34.0,207,5.8,8.582807105356512,9.283977877685604,122,16.2,1,1,0.466,0.38,0.76,1,0,0,1,65
2014,21,8,77.25,78.5,79.75,102.0,35.5,137.5,29.0,207,12.1,8.5,8.5,75,14.1,1,1,0.467,0.44,0.83,1,0,0,1,265
2009,22,16,79.0,79.75,84.75,105.5,35.0,140.5,30.5,257,12.0,8.94593792854915,9.580613339713985,61,14.8,1,1,0.515,0.3,0.69,0,1,0,1,545
2009,22,2,85.25,86.5,90.25,113.0,31.295893195376173,144.385880181146,27.236684386681134,267,6.7,9.445242810439025,9.988487100003008,100,10.3,1,1,0.611,0.0,0.63,0,0,1,1,224
2013,22,38,75.5,76.75,75.75,98.0,37.15796735000396,133.18817059452277,30.852886132733964,196,5.5,8.25,8.75,127,18.5,1,1,0.45,0.34,0.8,1,0,0,1,84
2014,21,38,76.5,78.0,80.25,103.0,35.203942631794696,136.66332184554378,29.647485550716354,205,5.4,8.25,9.0,86,13.0,1,1,0.42,0.39,0.83,1,0,0,1,184
2015,20,22,81.5,82.5,86.0,108.5,31.5,140.0,25.0,246,8.9,9.5,9.25,70,15.0,1,1,0.526,0.37,0.74,0,1,0,1,197
2014,22,46,75.25,77.0,80.0,98.0,38.5,136.5,33.0,186,4.3,8.25,9.0,93,15.4,1,1,0.44,0.32,0.81,1,0,0,1,299
2012,21,39,78.75,80.25,82.75,103.0,31.0,134.0,28.0,216,7.8,9.0,9.0,87,11.3,1,1,0.431,0.32,0.77,0,1,0,1,376
2015,21,32,79.0,79.5,88.25,109.0,32.85911296994358,142.84136851402556,28.20100485229522,253,11.9,9.0,9.75,112,11.6,1,1,0.586,0.28,0.53,0,1,0,1,171
2013,20,12,82.75,84.0,88.5,109.5,33.0,142.5,28.5,255,6.7,9.5,11.0,32,7.2,1,1,0.5710000000000001,0.0,0.44,0,0,1,1,385
2013,23,52,76.0,77.25,79.0,100.0,34.0,134.0,28.0,189,4.0,8.25,8.5,101,11.6,1,1,0.429,0.31,0.74,1,0,0,1,76
2009,21,15,81.75,82.75,86.75,110.0,28.0,138.0,25.0,192,5.5,9.127503340145468,9.728931070728176,67,11.6,1,1,0.47700000000000004,0.42,0.79,0,1,0,1,293
2011,21,47,75.0,76.25,82.5,103.0,40.5,143.5,33.0,205,8.1,8.75,9.25,90,12.2,1,1,0.48200000000000004,0.33,0.74,1,0,0,1,10
2013,21,31,77.25,78.25,83.25,103.5,36.0,139.5,30.5,197,4.7,8.25,8.5,98,15.7,1,1,0.446,0.38,0.82,1,1,0,1,299
2009,20,24,83.75,85.25,85.5,111.0,32.5,143.5,28.5,258,8.5,9.014024957897767,9.636232488844305,33,8.8,1,1,0.638,0.0,0.56,0,0,1,1,189
2013,20,3,79.5,80.5,85.5,105.5,36.0,141.5,27.0,198,6.7,8.75,9.25,64,12.8,1,1,0.498,0.36,0.75,0,1,0,1,342
2013,24,0,82.0,83.5,88.0,109.0,32.5,141.5,28.0,239,8.4,9.0,11.0,51,7.1,1,1,0.52,0.0,0.61,0,0,1,0,285
2011,21,9,71.5,73.0,75.5,91.5,39.5,131.0,32.0,184,5.9,8.0,9.0,111,16.1,1,1,0.428,0.33,0.78,1,0,0,1,522
2010,21,54,74.5,75.75,78.0,99.5,31.5,131.0,23.0,208,7.6,8.5,9.5,57,15.2,1,1,0.45899999999999996,0.35,0.79,1,0,0,1,19
2009,21,55,71.25,72.5,74.0,95.0,33.0,128.0,27.5,175,6.9,7.9700238412189375,8.783405535512713,58,16.4,1,1,0.415,0.33,0.81,1,0,0,1,521
2014,23,33,76.75,78.25,78.0,100.0,33.5,133.5,28.5,215,6.2,8.5,9.75,135,12.6,1,1,0.445,0.41,0.72,1,0,0,1,186
2012,21,28,82.25,83.25,85.75,107.0,38.5,145.5,33.0,234,4.6,9.25,9.5,63,13.7,1,1,0.522,0.28,0.68,0,1,0,1,143
2014,20,18,73.0,74.5,79.25,98.0,36.0,134.0,29.0,182,6.2,8.25,8.75,34,12.9,1,1,0.41100000000000003,0.35,0.77,1,0,0,1,184
2012,22,47,77.0,78.25,78.75,99.0,36.5,135.5,31.0,194,5.8,8.5,8.5,128,15.8,1,1,0.44299999999999995,0.37,0.73,1,0,0,1,17
2011,20,8,73.5,75.25,78.75,98.5,37.5,136.0,29.0,177,4.2,8.25,9.5,38,17.3,1,1,0.423,0.38,0.8,1,0,0,1,382
2011,21,35,78.75,80.25,81.0,105.0,37.0,142.0,30.0,187,5.3,8.5,9.5,59,10.3,1,1,0.431,0.36,0.68,0,1,0,1,24
2011,20,4,79.5,80.75,85.25,108.5,35.0,143.5,30.0,227,6.2,8.75,9.25,36,13.1,1,1,0.546,0.0,0.49,0,1,0,1,517
2009,21,7,74.0,75.25,75.5,97.0,35.5,132.5,29.5,181,5.7,8.106197899916175,8.894643833773355,104,25.3,1,1,0.467,0.41,0.88,1,0,0,1,625
2014,21,40,77.5,78.75,82.0,100.5,41.5,142.0,36.5,211,5.1,9.0,9.5,62,27.5,1,1,0.479,0.39,0.77,0,1,0,1,688
2009,21,25,73.25,74.25,81.75,100.0,39.0,139.0,29.5,182,7.9,8.67358981115467,9.358136743192699,0,0.0,1,1,0.0,0.0,0.0,1,0,0,1,182
2012,23,30,81.75,83.5,89.75,108.0,33.5,141.5,34.0,264,5.5,9.0,10.75,121,7.7,1,1,0.562,0.0,0.58,0,0,1,1,170
2012,22,14,81.0,82.5,89.0,112.0,30.0,142.0,25.5,216,8.6,9.25,10.0,109,10.3,1,1,0.49700000000000005,0.21,0.48,0,0,1,1,389
2011,22,14,79.0,80.75,82.0,105.5,33.0,138.5,29.0,230,8.0,8.25,8.5,109,12.6,1,1,0.555,0.36,0.66,0,1,0,1,469
2015,21,18,79.75,81.0,83.5,106.0,34.5,140.5,25.5,219,7.5,8.5,9.25,113,12.1,1,1,0.493,0.35,0.7,0,1,0,1,151
2013,23,49,80.75,81.5,82.5,108.0,29.5,137.5,24.5,240,8.0,8.75,9.75,136,7.7,1,1,0.514,0.44,0.76,0,1,0,1,24
2015,22,0,79.25,80.25,85.75,106.5,28.5,135.0,25.5,261,12.0,8.5,9.5,112,15.5,1,1,0.49200000000000005,0.0,0.71,0,1,0,0,62
2013,23,22,83.25,84.5,83.0,108.0,36.0,144.0,30.5,238,6.2,9.75,9.5,141,9.8,1,1,0.574,0.2,0.58,0,0,1,1,387
2014,19,5,76.5,78.0,81.5,103.0,34.5,137.5,31.5,196,6.4,8.5,9.5,0,0.0,1,1,0.0,0.0,0.0,1,0,0,1,160
2012,22,17,83.25,84.5,84.0,104.5,34.0,138.5,30.0,247,6.4,9.0,9.75,117,12.8,1,1,0.5429999999999999,0.0,0.78,0,1,0,1,404
2012,19,3,75.25,76.75,80.0,100.0,39.0,139.0,33.0,202,6.0,8.5,9.0,37,14.8,1,1,0.445,0.34,0.77,1,0,0,1,404
2015,21,16,72.75,74.25,80.25,98.5,38.0,136.5,33.0,190,5.6,8.25,8.75,73,12.0,1,1,0.408,0.33,0.77,1,0,0,1,192
2010,21,33,82.5,83.5,91.0,113.0,31.5,144.5,27.0,227,5.5,8.25,10.25,34,13.1,1,1,0.524,0.6,0.59,0,0,1,1,269
2010,19,12,77.25,78.5,83.25,105.0,36.5,141.5,28.5,210,4.7,8.75,10.0,36,13.4,1,1,0.45799999999999996,0.42,0.78,1,0,0,1,185
2014,23,45,81.5,83.0,84.5,105.0,35.0,140.0,28.5,234,6.2,9.0,9.25,136,10.8,1,1,0.46399999999999997,0.29,0.72,0,1,0,1,253
2015,22,48,83.0,83.75,86.0,112.0,25.0,137.0,22.5,265,14.9,9.25,10.5,78,5.8,1,1,0.537,0.0,0.56,0,0,1,1,29
2014,25,0,79.5,81.25,85.0,107.0,35.5,142.5,30.5,209,6.0,9.0,8.5,69,8.9,1,1,0.531,0.0,0.67,0,0,1,0,40
2010,19,3,80.75,82.25,88.0,110.0,35.5,145.5,31.5,245,6.5,8.75,9.25,36,12.4,1,1,0.611,0.0,0.63,0,1,0,1,554
2014,22,23,79.25,80.5,80.5,103.0,36.0,139.0,29.0,208,7.5,8.5,8.5,67,13.3,1,1,0.455,0.4,0.77,1,1,0,1,248
2013,23,0,73.0,75.0,76.0,97.5,37.353369821824884,133.38123455291284,30.973426190935726,179,9.6,8.0,8.25,141,14.9,1,1,0.431,0.39,0.83,1,0,0,0,118
2014,22,0,75.0,76.25,80.25,100.0,32.0,132.0,28.0,202,6.1,9.0,9.25,62,17.0,1,1,0.441,0.39,0.78,1,0,0,0,19
2009,23,24,78.25,79.5,84.75,106.0,37.0,143.0,30.0,224,8.2,9.25,8.5,142,13.5,1,1,0.479,0.36,0.64,1,0,0,1,39
2014,24,58,75.75,77.25,84.5,104.0,34.5,138.5,27.5,179,5.2,8.75,8.5,114,13.3,1,1,0.41700000000000004,0.34,0.77,1,0,0,1,59
2012,22,0,82.0,83.75,88.0,108.0,29.5,137.5,26.5,241,7.7,9.25,10.0,121,4.9,1,1,0.479,0.12,0.65,0,0,1,0,135
2014,23,34,78.0,79.25,82.75,101.5,40.0,141.5,34.0,209,4.5,8.5,9.0,75,15.1,1,1,0.47,0.35,0.82,0,1,0,1,56
2013,20,6,82.0,83.75,87.75,110.0,32.468308026301735,142.45524059724545,27.9599247358917,206,4.2,9.5,10.0,24,10.5,1,1,0.59,0.0,0.53,0,0,1,1,223
2012,23,0,78.25,79.5,85.5,105.0,32.5,137.5,27.5,251,11.2,9.0,7.75,139,13.1,1,1,0.494,0.32,0.68,0,1,0,0,32
2010,22,32,81.5,83.5,90.0,111.0,32.07750308265988,144.19281622275594,27.718844619488177,303,20.8,10.25,10.5,134,6.6,1,1,0.623,0.0,0.6,0,0,1,1,50
2010,25,44,83.5,84.75,89.25,113.0,31.295893195376173,143.61362434758578,27.236684386681134,244,6.9,9.0,10.25,133,11.3,1,1,0.5670000000000001,0.0,0.7,0,0,1,1,65
2011,22,55,74.5,76.0,81.5,99.5,34.5,134.0,32.0,191,7.6,9.0,10.0,140,15.3,1,1,0.44,0.38,0.73,1,0,0,1,460
2009,22,52,78.25,80.0,81.75,106.0,31.0,137.0,27.0,240,11.2,8.75,9.75,129,19.2,1,1,0.47600000000000003,0.33,0.78,0,1,0,1,70
2011,23,48,82.0,83.0,87.75,109.5,36.0,145.5,31.5,217,6.1,9.5,11.0,135,14.1,1,1,0.5579999999999999,0.38,0.68,0,0,1,1,3
2015,22,6,83.25,84.5,87.0,111.0,32.07750308265988,141.87604872207527,27.718844619488177,242,6.3,9.5,9.0,105,8.0,1,1,0.593,0.0,0.51,0,1,0,1,212
2014,23,51,77.25,78.25,84.0,104.5,39.5,144.0,31.5,205,6.1,9.0,9.75,0,0.0,1,1,0.0,0.0,0.0,0,1,0,1,2
2015,22,45,73.75,74.75,79.75,97.5,43.0,140.5,34.5,177,5.3,8.25,8.5,66,20.4,1,1,0.455,0.38,0.77,1,0,0,1,483
2014,20,39,78.5,79.75,86.75,107.0,33.64072285722729,141.68298476368523,28.683165085102267,214,3.8,9.25,9.25,72,7.5,1,1,0.486,0.3,0.64,0,1,0,1,301
2012,24,51,78.0,79.0,83.0,104.0,35.0,139.0,28.5,215,8.6,9.0,9.0,140,10.5,1,1,0.449,0.33,0.7,0,1,0,1,10
2013,20,8,76.5,77.5,80.0,100.5,34.5,135.0,29.0,204,6.5,8.5,9.0,64,15.8,1,1,0.415,0.34,0.75,1,0,0,1,386
2011,23,28,72.25,73.75,74.25,95.5,38.5,134.0,29.5,174,4.7,8.5,9.5,140,14.1,1,1,0.435,0.32,0.83,1,0,0,1,360
2011,21,36,79.75,81.0,84.25,106.5,30.5,137.0,25.0,247,12.1,9.25,10.0,66,13.2,1,1,0.528,0.0,0.56,0,1,0,1,43
2012,27,33,80.75,82.0,87.0,108.5,32.5,141.0,30.0,230,5.0,9.0,9.25,69,9.7,1,1,0.627,0.0,0.53,0,0,1,1,92
2009,20,37,77.25,78.5,86.0,106.5,33.0,139.5,26.0,277,12.0,9.059416310796848,9.673311921597854,72,13.6,1,1,0.568,0.0,0.61,0,1,0,1,424
2014,19,9,80.0,81.5,88.25,108.0,37.0,145.0,31.0,247,7.3,9.75,11.75,30,11.3,1,1,0.523,0.49,0.72,0,1,0,1,231
2012,20,11,83.75,85.25,87.0,108.0,32.5,140.5,30.0,250,5.7,9.25,11.0,65,7.7,1,1,0.5670000000000001,0.08,0.73,0,0,1,1,331
2009,22,11,77.0,78.25,81.0,103.5,37.0,140.5,30.5,213,5.1,8.605502781806052,9.30251759406238,140,11.2,1,1,0.4,0.32,0.59,0,1,0,1,153
2009,22,40,79.5,80.5,86.5,107.5,35.5,143.0,30.5,225,8.6,9.104807663695928,9.710391354351401,106,10.3,1,1,0.573,0.42,0.72,0,1,0,1,171
2014,24,0,74.5,76.25,79.0,99.0,36.767162406362104,135.6980020535935,30.611806016330444,219,9.2,9.0,9.0,140,15.3,1,1,0.419,0.35,0.78,1,0,0,0,155
2013,23,21,81.75,82.75,87.5,111.5,31.882100610838954,142.2621766388554,27.598304561286415,230,5.4,9.0,10.0,102,8.3,1,1,0.545,0.33,0.64,0,0,1,1,374
2012,22,22,82.75,84.0,86.5,110.0,31.0,141.0,29.5,255,9.2,9.0,10.0,63,4.9,1,1,0.5760000000000001,0.0,0.55,0,0,1,1,6
2011,22,27,81.0,82.0,86.0,107.5,38.0,145.5,33.5,220,7.5,9.0,10.0,140,13.7,1,1,0.501,0.25,0.74,0,1,0,1,36
2009,22,33,79.0,80.25,83.0,106.5,35.0,141.5,28.0,227,4.8,8.78706819340237,9.450835325076568,139,9.6,1,1,0.524,0.33,0.69,0,1,0,1,649
2009,23,28,76.75,78.0,79.25,101.0,28.0,129.0,24.5,197,6.9,7.75,9.25,136,16.0,1,1,0.425,0.33,0.83,1,0,0,1,401
2012,22,16,79.0,80.0,84.0,104.5,34.617735216331916,139.5592812213946,29.285865376111072,261,10.6,9.5,11.5,34,13.4,1,1,0.534,0.33,0.5,0,1,0,1,3
2015,23,0,72.75,73.5,79.0,96.5,39.5,136.0,33.5,179,4.5,8.5,9.5,144,16.5,1,1,0.428,0.39,0.81,1,0,0,0,26
2012,19,15,79.25,80.75,84.0,102.5,37.0,139.5,32.5,207,5.3,9.25,10.25,32,15.5,1,1,0.452,0.22,0.68,0,1,0,1,415
2014,20,35,79.0,80.5,85.25,103.5,36.0,139.5,31.0,263,8.2,9.75,10.5,87,13.0,1,1,0.53,0.0,0.63,0,1,0,1,28
2009,23,29,73.0,74.0,78.0,97.5,32.5,130.0,28.0,183,5.2,8.333154664411573,9.080040997541092,130,16.8,1,1,0.442,0.38,0.8,1,0,0,1,394
2012,24,26,82.5,83.75,84.75,105.5,40.5,146.0,34.0,252,11.4,9.25,9.0,135,4.8,1,1,0.557,1.0,0.63,0,0,1,1,327
2010,21,34,74.0,75.25,80.0,99.5,38.5,138.0,31.5,195,5.6,8.25,9.25,101,14.3,1,1,0.467,0.29,0.75,1,0,0,1,47
2014,20,22,75.5,76.75,82.0,102.0,29.5,131.5,24.5,209,10.8,8.5,7.5,69,16.4,1,1,0.467,0.33,0.84,1,0,0,1,32
2015,19,24,72.25,74.0,77.0,97.0,32.5,129.5,26.5,185,6.5,8.25,8.75,39,11.8,1,1,0.41700000000000004,0.38,0.89,1,0,0,1,177
2009,22,46,77.25,78.5,82.0,103.0,33.0,136.0,29.0,208,5.6,8.69628548760421,9.376676459569474,145,9.4,1,1,0.455,0.38,0.85,1,0,0,1,538
2013,20,7,75.5,76.75,79.75,100.5,42.0,142.5,32.5,189,5.0,8.75,9.5,37,15.9,1,1,0.495,0.42,0.87,1,0,0,1,347
2015,19,2,75.25,77.0,81.75,102.0,35.59474757543655,137.8217055958841,29.888565667119877,193,8.3,8.75,9.75,35,19.3,1,1,0.449,0.41,0.76,1,0,0,1,189
2010,22,50,83.5,84.75,89.0,113.0,26.0,139.0,22.5,237,5.0,9.25,9.25,77,9.1,1,1,0.534,0.0,0.75,0,0,1,1,26
2009,21,23,79.75,81.25,81.25,106.5,32.5,139.0,25.5,211,8.6,8.628198458255593,9.321057310439153,0,0.0,1,1,0.0,0.0,0.0,0,1,0,1,552
2013,22,41,76.0,77.25,83.25,103.5,35.00854015997377,138.98008934622445,29.526945492514592,191,8.3,8.5,8.25,85,13.7,1,1,0.426,0.3,0.78,1,0,0,1,24
2015,21,0,76.5,78.0,80.25,100.5,34.5,135.0,28.5,209,6.0,8.3,10.0,79,12.4,1,1,0.41,0.34,0.79,1,0,0,0,34
2009,22,20,74.25,75.25,74.5,97.0,31.5,128.5,28.5,164,5.4,8.015415194118017,8.82048496826626,130,15.0,1,1,0.449,0.37,0.79,1,0,0,1,267
2012,20,7,79.0,80.0,83.25,101.5,39.5,141.0,38.0,228,9.6,9.0,8.5,75,16.3,1,1,0.43,0.35,0.73,0,1,0,1,463
2013,22,44,82.25,83.5,85.0,108.0,33.5,141.5,28.0,230,6.8,8.5,9.0,133,15.3,1,1,0.501,0.31,0.82,0,1,0,1,242
2013,22,35,76.5,77.75,81.25,101.5,40.5,142.0,33.0,211,8.5,8.5,9.0,134,18.2,1,1,0.569,0.48,0.8,0,1,0,1,1000
2011,22,30,78.0,79.75,79.5,101.5,39.0,140.5,32.0,222,5.4,9.0,9.0,106,12.0,1,1,0.508,0.38,0.77,0,1,0,1,456
2011,21,0,80.0,81.25,86.5,106.5,36.0,142.5,29.5,253,7.4,9.75,12.0,0,0.0,1,1,0.0,0.0,0.0,0,1,0,0,524
2015,19,10,76.5,78.5,82.25,104.5,34.617735216331916,138.20783351266422,29.285865376111072,222,5.3,8.5,9.25,39,12.6,1,1,0.486,0.42,0.64,0,1,0,1,162
2009,27,0,73.5,75.0,79.25,99.5,36.5,136.0,31.5,190,5.4,8.446633046659272,9.172739579424961,130,15.3,1,1,0.44,0.35,0.72,1,0,0,0,6
2012,21,24,75.5,77.0,78.5,98.0,37.15796735000396,135.3118741368134,30.852886132733964,188,3.6,8.25,9.0,98,13.0,1,1,0.455,0.34,0.75,1,0,0,1,84
2013,22,0,69.5,71.5,74.25,92.0,38.5,130.5,33.0,177,4.7,7.75,9.75,99,9.7,1,1,0.395,0.35,0.76,1,0,0,0,148
2015,19,8,77.0,78.5,83.5,102.0,35.59474757543655,139.17315330461452,29.888565667119877,242,7.5,9.0,9.0,38,13.8,1,1,0.446,0.37,0.74,0,1,0,1,217
2014,20,7,79.75,81.0,84.0,105.5,35.5,141.0,29.0,250,9.4,8.75,8.25,40,15.0,1,1,0.501,0.17,0.71,0,1,0,1,236
2014,24,28,75.5,77.0,81.75,100.5,37.5,138.0,31.0,201,6.5,8.75,9.0,131,14.4,1,1,0.433,0.39,0.84,1,0,0,1,66
2013,22,36,72.25,73.75,75.25,96.5,40.0,136.5,30.5,191,7.3,8.0,8.75,102,15.9,1,1,0.465,0.29,0.72,1,0,0,1,154
2013,20,17,73.0,74.0,79.75,98.0,34.0,132.0,30.0,165,4.1,8.75,10.5,0,0.0,1,1,0.0,0.0,0.0,1,0,0,1,352
2010,22,58,80.25,81.5,84.25,107.25,30.5,137.75,25.0,280,12.8,9.0,10.25,79,10.3,1,1,0.563,0.31,0.63,0,1,0,1,41
2015,19,13,76.5,77.75,80.25,102.5,34.5,137.0,27.5,206,8.3,8.75,9.0,38,10.0,1,1,0.47,0.41,0.83,1,0,0,1,208
2010,21,16,79.5,80.75,83.25,104.5,37.5,142.0,29.5,218,5.6,8.5,10.0,68,19.4,1,1,0.48,0.42,0.89,0,1,0,1,381
2015,21,25,80.0,81.25,81.75,106.5,34.5,141.0,28.5,239,10.1,8.25,9.012113350747924,65,13.7,1,1,0.494,0.31,0.69,0,1,0,1,142
2013,21,9,71.75,73.25,77.5,97.5,36.5,134.0,29.5,187,6.9,8.25,8.75,73,16.9,1,1,0.45,0.37,0.78,1,0,0,1,301
2011,22,32,80.0,80.75,83.75,106.0,33.0,139.0,28.5,228,4.0,9.0,9.25,137,10.6,1,1,0.483,0.38,0.71,0,1,0,1,22
2012,20,38,80.75,82.0,85.25,105.0,36.0,141.0,30.5,219,7.8,9.25,10.25,37,10.6,1,1,0.447,0.35,0.82,0,1,0,1,69
2011,21,11,77.75,79.25,81.0,103.5,31.5,135.0,26.5,206,8.0,8.75,9.25,98,17.9,1,1,0.424,0.39,0.83,1,0,0,1,536
2012,22,6,73.75,74.75,79.75,95.5,39.5,135.0,34.5,189,5.9,8.75,9.75,104,18.6,1,1,0.446,0.39,0.87,1,0,0,1,467
2010,24,30,76.5,77.75,84.75,102.0,36.0,138.0,31.0,226,7.5,9.25,9.5,138,13.5,1,1,0.452,0.36,0.79,0,1,0,1,72
2010,24,41,80.25,82.0,87.5,109.5,32.5,142.0,29.5,210,9.5,9.25,9.5,141,10.0,1,1,0.589,0.25,0.6,0,1,0,1,37
2013,21,43,76.75,78.0,79.25,102.5,33.5,136.0,27.0,197,10.3,8.5,9.25,0,0.0,1,1,0.0,0.0,0.0,1,0,0,1,28
2012,19,2,77.75,79.5,84.0,104.5,35.5,140.0,32.0,233,7.0,9.0,10.25,40,11.9,1,1,0.491,0.26,0.75,0,1,0,1,356
2010,20,40,76.5,77.75,82.5,103.0,33.0,136.0,27.0,227,9.3,9.0,10.25,34,12.3,1,1,0.44,0.22,0.66,1,0,0,1,439
2012,24,43,79.25,80.75,82.75,104.0,32.5,136.5,27.0,241,10.6,8.5,9.0,130,11.8,1,1,0.521,0.36,0.78,0,1,0,1,355
2010,24,38,76.25,77.0,79.0,100.0,30.5,130.5,23.5,192,6.2,8.0,9.75,127,8.8,1,1,0.396,0.37,0.76,1,0,0,1,5
2010,20,1,74.75,76.0,81.25,101.5,39.0,140.5,30.0,196,5.6,8.25,9.5,37,16.6,1,1,0.461,0.33,0.75,1,0,0,1,540
2012,23,55,73.5,75.0,79.0,96.0,41.5,137.5,33.5,212,7.0,8.75,8.75,105,15.7,1,1,0.444,0.4,0.72,1,0,0,1,7
2012,22,0,78.75,80.0,81.5,102.5,36.5,139.0,28.5,206,6.0,8.25,9.75,99,8.7,1,1,0.478,0.44,0.68,1,1,0,0,265
2009,23,12,76.0,77.0,82.25,102.5,35.0,137.5,31.5,215,4.4,8.718981164053751,9.395216175946247,103,15.0,1,1,0.48100000000000004,0.0,0.63,1,0,0,1,871
2010,22,2,77.75,79.0,80.0,103.5,34.5,138.0,27.5,214,8.6,8.75,9.5,101,15.0,1,1,0.502,0.36,0.76,1,0,0,1,611
2013,21,14,76.75,78.25,83.0,104.5,37.0,141.5,29.5,222,9.0,9.0,10.0,32,17.9,1,1,0.44299999999999995,0.38,0.71,0,1,0,1,277
2010,21,29,80.75,81.5,88.25,110.5,30.5,141.0,24.0,269,13.8,8.5,9.75,38,3.4,1,1,0.527,0.0,0.52,0,0,1,1,51
2010,20,7,81.75,83.0,86.25,108.5,29.0,137.5,25.0,247,11.2,8.75,9.5,65,14.5,1,1,0.5429999999999999,0.27,0.68,0,0,1,1,587
2013,22,10,74.25,75.25,78.25,96.5,38.5,135.0,32.0,197,8.6,8.0,9.5,111,21.3,1,1,0.439,0.38,0.83,1,0,0,1,339
2010,21,43,79.0,80.25,84.25,107.5,32.0,139.5,23.5,208,7.9,8.25,9.0,69,11.2,1,1,0.46299999999999997,0.11,0.74,0,1,0,1,63
2014,21,32,76.5,78.0,83.25,102.0,37.0,139.0,33.0,196,4.5,8.75,9.75,94,11.0,1,1,0.45,0.31,0.77,1,1,0,1,148
2012,23,19,80.5,81.5,88.0,107.0,30.5,137.5,28.5,234,7.6,10.0,10.75,123,17.1,1,1,0.575,0.38,0.72,0,1,0,1,285
2012,22,35,77.75,79.5,85.25,105.0,33.0,138.0,28.0,236,11.3,9.0,9.5,145,10.5,1,1,0.467,0.36,0.69,0,1,0,1,466
2011,19,19,78.5,79.75,83.0,103.5,37.5,141.0,31.5,223,8.4,8.75,9.0,34,15.3,1,1,0.46,0.3,0.75,0,1,0,1,462
2011,20,2,79.25,80.75,85.5,108.0,34.5,142.5,29.0,248,10.8,9.0,9.75,69,17.8,1,1,0.586,0.51,0.72,0,1,0,1,428
2011,20,41,75.25,77.25,79.5,102.0,32.0,134.0,24.5,190,5.3,8.75,10.0,67,9.9,1,1,0.469,0.22,0.7,1,0,0,1,132
2011,20,12,77.0,78.0,82.0,103.5,36.0,139.5,29.0,193,5.1,9.0,8.25,68,19.0,1,1,0.495,0.31,0.8,1,0,0,1,364
2009,22,8,81.25,82.25,85.5,108.0,35.0,143.0,31.0,232,6.0,9.014024957897767,9.636232488844305,97,12.5,1,1,0.578,0.0,0.64,0,0,1,1,409
2011,21,43,76.0,77.5,81.75,101.5,35.5,137.0,30.0,198,5.9,8.5,9.5,94,9.7,1,1,0.441,0.28,0.72,1,0,0,1,36
2014,22,44,74.5,75.5,80.75,100.0,43.5,143.5,36.5,184,4.2,8.25,9.75,134,12.4,1,1,0.439,0.35,0.73,1,0,0,1,113
2013,21,4,82.75,84.25,82.75,106.0,37.5,143.5,35.5,230,4.8,8.5,10.5,72,16.1,1,1,0.5920000000000001,0.0,0.76,0,0,1,1,312
2011,20,49,73.75,75.0,77.25,98.0,42.0,140.0,29.5,195,7.9,8.5,9.0,26,7.9,1,1,0.373,0.36,0.76,1,0,0,1,38
2012,22,41,74.75,76.0,78.25,97.5,36.5,134.0,32.0,177,4.2,8.75,8.75,146,10.8,1,1,0.47700000000000004,0.37,0.71,1,0,0,1,61
2013,23,33,76.75,78.25,81.25,103.5,38.5,142.0,32.0,203,3.3,8.5,9.5,94,10.2,1,1,0.456,0.33,0.7,1,0,0,1,7
2009,22,18,71.25,72.5,72.75,94.5,36.5,131.0,29.0,197,6.6,7.8565454589712385,8.690706953628844,105,13.1,1,1,0.517,0.4,0.78,1,0,0,1,551
2014,22,11,78.25,79.75,81.25,103.0,36.5,139.5,28.5,218,7.1,8.75,9.75,145,21.7,1,1,0.55,0.46,0.83,0,1,0,1,264
2014,24,49,80.75,81.75,84.75,107.0,33.5,140.5,31.0,252,8.7,8.75,9.0,134,9.2,1,1,0.517,0.33,0.72,0,1,0,1,36
2009,20,9,77.5,78.5,81.0,102.5,38.5,141.0,29.0,211,4.9,8.605502781806052,9.30251759406238,35,13.9,1,1,0.523,0.17,0.65,1,0,0,1,673
2015,20,0,79.25,80.5,87.5,109.5,32.66371049812266,142.2621766388554,28.08046479409346,239,5.8,9.5,10.25,28,7.1,1,1,0.5660000000000001,0.0,0.67,0,1,0,0,8
2009,23,27,78.25,79.75,82.0,105.0,34.42233274451099,138.01476955427418,29.16532531790931,207,6.3,8.69628548760421,9.376676459569474,134,11.2,1,1,0.535,0.28,0.6,0,1,0,1,487
2012,25,32,78.5,79.5,79.25,100.0,36.37635746272025,135.89106601198358,30.37072589992692,201,5.2,8.5,9.5,0,0.0,1,1,0.0,0.0,0.0,1,0,0,1,128
2012,24,0,77.25,78.25,82.0,100.0,40.0,140.0,31.5,216,5.7,8.5,10.0,89,12.7,1,1,0.493,0.3,0.63,0,1,0,0,3
2012,19,25,76.75,78.0,81.0,101.0,35.5,136.5,30.0,203,5.2,8.0,9.0,35,16.0,1,1,0.44299999999999995,0.16,0.58,1,0,0,1,145
2011,21,16,82.25,83.75,88.5,112.5,25.0,137.5,23.5,260,6.1,9.25,10.25,87,11.1,1,1,0.509,0.3,0.75,0,0,1,1,454
2009,24,26,80.5,81.75,88.0,109.0,30.0,139.0,25.5,214,6.6,9.240981722393167,9.821629652612044,105,12.4,1,1,0.58,0.0,0.63,0,1,0,1,665
2015,22,9,83.75,84.75,83.0,109.5,32.66371049812266,138.7870253878344,28.08046479409346,231,9.4,8.5,9.5,144,10.1,1,1,0.522,0.37,0.76,0,1,0,1,234
2015,22,21,77.25,78.25,83.75,101.0,43.0,144.0,38.0,231,5.0,8.5,9.5,98,8.9,1,1,0.43,0.36,0.75,1,0,0,1,167
2012,21,13,75.25,76.25,77.5,96.0,37.0,133.0,31.0,198,7.8,8.5,9.0,73,7.2,1,1,0.446,0.37,0.69,1,0,0,1,160
2015,19,30,80.0,81.25,87.5,110.0,32.468308026301735,142.2621766388554,27.9599247358917,222,11.9,9.5,9.25,36,11.6,1,1,0.47,0.42,0.63,0,1,0,1,123
2009,22,43,74.75,75.75,77.0,99.0,33.0,132.0,31.0,194,4.8,8.242371958613415,9.005882132033998,66,20.4,1,1,0.455,0.38,0.77,1,0,0,1,483
2009,20,3,76.0,77.25,82.75,103.5,37.0,140.5,31.5,222,10.1,8.76437251695283,9.432295608699794,69,19.0,1,1,0.506,0.38,0.76,1,0,0,1,686
2015,20,29,80.25,81.0,87.25,109.0,32.85911296994358,142.06911268046534,28.20100485229522,199,6.2,8.75,8.75,16,9.3,1,1,0.478,1.0,0.56,0,1,0,1,59
2011,23,38,80.75,81.75,81.5,104.5,31.5,136.0,25.5,221,7.0,8.25,10.0,142,10.2,1,1,0.47700000000000004,0.34,0.61,0,1,0,1,410
2013,22,25,77.75,79.0,80.75,102.0,36.5,138.5,31.0,200,7.0,8.5,9.0,100,9.9,1,1,0.439,0.39,0.72,1,1,0,1,209
2010,21,18,72.25,73.5,79.5,98.0,37.15796735000396,136.08412997037362,30.852886132733964,192,5.6,8.5,9.75,37,11.3,1,1,0.462,0.38,0.67,1,0,0,1,490
2011,22,13,79.75,81.25,82.75,106.5,31.5,138.0,27.0,241,10.2,8.5,8.25,109,8.5,1,1,0.5529999999999999,0.4,0.65,0,1,0,1,519
2010,24,37,77.25,78.5,81.25,104.5,34.0,138.5,29.0,204,6.2,8.25,9.0,35,15.9,1,1,0.44,0.36,0.65,1,0,0,1,5
2013,23,0,78.25,79.5,85.75,106.0,36.0,142.0,29.5,209,4.7,9.0,8.5,118,14.8,1,1,0.47600000000000003,0.42,0.8,0,1,0,0,289
2012,20,21,79.75,81.0,85.25,105.5,31.0,136.5,29.5,268,10.7,9.25,9.75,74,17.3,1,1,0.53,0.37,0.73,0,1,0,1,269
2012,22,27,81.5,82.75,86.25,106.5,37.5,144.0,33.5,233,7.7,9.25,9.25,100,11.4,1,1,0.511,0.29,0.68,0,1,0,1,59
2012,21,5,79.75,80.75,87.25,106.0,35.5,141.5,28.5,244,5.0,9.75,10.5,105,9.8,1,1,0.525,0.5,0.61,0,1,0,1,313
2014,20,19,74.5,76.5,78.75,96.0,37.93957723728766,135.50493809520344,31.33504636554101,205,4.6,8.5,9.5,69,14.9,1,1,0.44,0.38,0.79,1,0,0,1,253
2014,19,17,77.25,78.75,84.0,104.0,35.5,139.5,28.0,213,5.1,9.0,9.5,40,14.3,1,1,0.40700000000000003,0.35,0.71,1,1,0,1,95
2014,24,55,73.5,75.25,78.5,99.0,36.5,135.5,30.5,186,5.3,8.5,8.25,64,16.2,1,1,0.462,0.34,0.67,1,0,0,1,64
2011,20,39,81.0,82.5,89.0,110.5,33.5,144.0,28.0,262,13.4,9.25,9.0,0,0.0,1,1,0.0,0.0,0.0,0,0,1,1,104
2010,22,25,75.25,77.0,81.25,101.0,32.5,133.5,26.0,216,5.9,9.0,10.25,95,18.9,1,1,0.442,0.32,0.74,1,0,0,1,80
2014,19,4,79.5,80.75,83.75,105.0,39.0,144.0,32.5,220,5.1,8.75,10.5,38,12.4,1,1,0.495,0.36,0.42,0,1,0,1,261
2010,23,6,80.75,81.75,88.5,106.5,33.5,140.0,31.0,237,8.0,9.5,8.75,103,8.4,1,1,0.47200000000000003,0.29,0.65,0,0,1,1,331
2013,23,0,79.0,80.0,85.0,106.0,32.0,138.0,29.0,221,8.1,8.0,9.5,112,7.9,1,1,0.449,0.37,0.74,0,1,0,0,4
2015,22,56,77.5,78.75,83.0,105.0,34.5,139.5,28.5,230,5.8,9.0,8.75,130,10.1,1,1,0.5589999999999999,0.0,0.56,0,1,0,1,6
2014,24,48,76.0,77.25,83.0,101.0,32.5,133.5,27.5,226,10.8,9.0,9.25,149,9.5,1,1,0.435,0.37,0.72,1,1,0,1,40
2013,21,0,75.5,77.25,78.0,100.5,37.5,138.0,28.0,197,4.6,8.5,9.5,106,9.3,1,1,0.429,0.28,0.7,1,0,0,0,10
2009,22,46,79.75,81.0,84.0,106.0,34.5,140.5,30.0,229,7.2,8.5,10.0,99,11.8,1,1,0.5479999999999999,0.0,0.55,0,1,0,1,1
2011,22,25,76.25,77.25,85.0,101.0,38.5,139.5,34.0,195,5.2,9.0,10.5,113,14.4,1,1,0.46399999999999997,0.33,0.74,1,1,0,1,169
2015,19,17,75.75,77.0,79.0,101.0,34.0,135.0,28.0,199,6.2,8.0,8.5,23,17.8,1,1,0.439,0.38,0.69,1,0,0,1,139
2012,22,37,78.5,79.75,86.75,106.5,37.0,143.5,32.0,224,7.1,9.5,11.0,139,9.8,1,1,0.602,0.43,0.71,0,1,0,1,325
2012,20,18,80.25,81.5,86.25,107.0,34.5,141.5,29.5,252,7.7,9.0,10.0,76,14.0,1,1,0.467,0.33,0.64,0,1,0,1,232
2012,24,58,79.25,80.5,80.5,102.0,30.0,132.0,27.5,218,9.4,8.5,9.5,127,14.0,1,1,0.44299999999999995,0.39,0.84,0,1,0,1,98
2010,20,5,81.5,82.75,89.75,113.0,27.5,140.5,23.5,292,16.4,9.25,10.0,38,15.1,1,1,0.5579999999999999,0.17,0.6,0,0,1,1,535
2010,22,15,81.25,82.5,89.75,112.0,28.0,140.0,25.5,222,4.6,9.75,11.0,101,10.3,1,1,0.52,0.25,0.58,0,0,1,1,238
2011,19,3,81.75,83.25,85.5,109.5,32.5,142.0,26.0,259,5.9,9.5,10.75,0,0.0,1,1,0.0,0.0,0.0,0,0,1,1,516
2011,22,40,82.0,83.5,84.0,105.5,36.5,142.0,29.5,223,5.4,8.75,9.75,123,11.2,1,1,0.48200000000000004,0.37,0.72,0,1,0,1,336
2015,23,34,77.25,80.5,83.25,104.5,34.5,139.0,27.5,211,6.1,8.5,9.0,144,10.8,1,1,0.428,0.4,0.75,0,1,0,1,41
2009,21,44,78.25,79.0,79.0,101.0,38.5,139.5,29.5,206,10.0,8.423937370209734,9.154199863048188,100,17.0,1,1,0.469,0.38,0.78,0,1,0,1,407
2012,22,0,73.0,74.0,76.0,94.5,32.5,127.0,27.0,206,5.8,8.5,9.5,132,12.2,1,1,0.429,0.34,0.74,1,0,0,0,6
2012,24,0,80.0,80.75,83.5,103.5,34.0,137.5,29.0,239,9.1,8.5,9.75,101,10.0,1,1,0.541,0.5,0.69,0,1,0,0,9
2015,23,19,75.25,76.25,79.5,100.0,36.37635746272025,136.08412997037362,30.37072589992692,198,5.6,8.25,8.5,119,14.6,1,1,0.436,0.35,0.79,1,0,0,1,211
2010,20,19,74.0,75.25,79.25,98.5,37.5,136.0,31.5,180,4.0,8.25,9.5,34,11.6,1,1,0.43200000000000005,0.38,0.55,1,0,0,1,459
2014,19,13,76.5,77.75,80.25,100.0,41.5,141.5,33.5,181,4.7,8.25,8.75,37,9.4,1,1,0.441,0.38,0.69,1,0,0,1,230
2010,22,27,75.0,76.5,79.0,101.0,34.5,135.5,31.5,198,4.9,8.0,9.0,65,15.5,1,1,0.455,0.38,0.77,1,0,0,1,279
2015,22,41,76.0,77.25,80.75,96.0,44.0,140.0,37.5,215,10.2,8.5,9.25,139,10.5,1,1,0.45,0.39,0.78,1,0,0,1,153
2013,22,11,76.75,77.75,79.25,101.0,41.0,142.0,31.5,184,4.4,7.5,8.5,66,8.2,1,1,0.39799999999999996,0.31,0.68,1,0,0,1,287
2015,20,15,77.75,78.75,86.25,102.5,37.0,139.5,34.5,203,5.7,9.0,8.75,36,9.3,1,1,0.444,0.36,0.72,0,1,0,1,221
2011,22,44,73.5,75.25,79.5,96.5,34.0,130.5,29.5,216,4.3,8.5,9.0,128,19.6,1,1,0.456,0.38,0.81,1,0,0,1,110
2011,22,18,79.75,81.0,85.0,103.5,37.5,141.0,30.5,230,7.4,9.25,10.0,95,10.3,1,1,0.419,0.33,0.59,0,1,0,1,148
2009,23,52,72.5,74.0,75.75,97.0,31.0,128.0,26.0,193,12.4,8.128893576365716,8.91318355015013,99,13.0,1,1,0.413,0.37,0.72,1,0,0,1,261
2011,24,33,79.5,80.5,82.1,106.0,30.0,136.0,23.0,228,10.0,8.25,8.75,148,16.2,1,1,0.433,0.36,0.77,0,1,0,1,356
2009,24,0,77.25,78.5,86.0,107.5,31.5,139.0,27.5,236,7.9,9.059416310796848,9.673311921597854,133,12.1,1,1,0.515,0.33,0.61,0,1,0,0,153
2014,23,47,71.5,72.75,75.5,95.0,34.0,129.0,29.5,160,3.5,8.25,8.5,133,14.3,1,1,0.413,0.35,0.76,1,0,0,1,27
2014,21,30,79.5,80.5,86.75,107.5,33.44532038540636,141.68298476368523,28.562625026900506,230,13.4,8.25,8.75,71,12.2,1,1,0.452,0.38,0.74,0,1,0,1,255
2011,23,0,79.5,80.75,84.5,107.5,36.5,144.0,32.0,223,5.9,9.5,10.5,103,11.6,1,1,0.53,0.24,0.58,0,1,0,0,40
2014,21,14,79.0,80.25,82.25,104.0,35.5,139.5,27.0,220,8.0,8.75,9.0,70,18.5,1,1,0.555,0.32,0.65,0,1,0,1,218
2014,22,56,77.0,78.5,81.0,102.0,35.0,137.0,29.0,192,6.9,8.25,8.5,136,12.5,1,1,0.415,0.34,0.73,1,1,0,1,44
2011,22,22,78.0,79.5,84.0,108.0,35.0,143.0,30.5,225,6.3,8.5,10.25,136,14.8,1,1,0.569,0.25,0.58,0,1,0,1,441
2014,24,60,79.75,81.0,84.5,105.0,37.5,142.5,33.0,218,5.3,8.75,9.75,130,8.9,1,1,0.5429999999999999,0.34,0.66,0,1,0,1,58
2015,23,0,76.75,77.75,82.5,103.0,31.5,134.5,28.5,219,5.5,8.5,8.25,140,13.4,1,1,0.43200000000000005,0.35,0.69,1,0,0,0,90
2010,20,10,79.75,80.75,83.25,107.0,33.64072285722729,138.98008934622445,28.683165085102267,214,5.0,8.5,9.0,63,15.5,1,1,0.447,0.4,0.8,0,1,0,1,525
2011,20,29,74.0,75.25,77.5,99.0,35.0,134.0,27.5,186,9.7,8.5,10.5,36,10.4,1,1,0.42200000000000004,0.41,0.7,1,0,0,1,445
2009,24,13,80.25,81.5,83.5,106.0,34.0,140.0,27.5,234,8.5,8.83245954630145,9.487914757830115,142,20.2,1,1,0.536,0.32,0.79,0,1,0,1,428
2012,20,10,75.5,77.0,79.25,96.5,37.5,134.0,32.5,203,6.2,8.5,10.0,34,15.5,1,1,0.433,0.37,0.66,1,0,0,1,407
2012,24,0,80.0,81.0,86.25,106.5,32.5,139.0,29.5,217,9.8,9.25,9.25,123,13.5,1,1,0.519,0.18,0.71,0,1,0,0,234
2015,20,23,77.5,79.0,86.0,104.0,38.0,142.0,32.0,211,5.0,8.75,9.75,76,10.2,1,1,0.496,0.21,0.7,0,1,0,1,173
2009,21,1,80.5,82.0,83.25,105.0,35.5,140.5,32.0,248,8.2,8.80976386985191,9.469375041453342,68,18.8,1,1,0.618,0.3,0.59,0,1,0,1,529
2013,22,48,81.75,83.75,83.5,110.0,32.468308026301735,139.17315330461452,27.9599247358917,228,14.8,9.0,10.0,126,7.5,1,1,0.46,0.38,0.81,0,1,0,1,163
2012,23,36,75.75,77.25,83.25,99.0,39.5,138.5,32.0,224,7.0,9.0,9.5,124,17.8,1,1,0.457,0.39,0.72,1,0,0,1,103
2011,20,15,78.0,79.0,87.0,106.0,32.0,138.0,25.5,227,5.4,9.75,11.25,70,14.1,1,1,0.449,0.25,0.74,0,1,0,1,407
2013,21,24,76.5,78.25,79.0,101.0,37.5,138.5,31.5,199,6.1,8.0,9.25,107,14.3,1,1,0.425,0.34,0.72,1,0,0,1,338
2014,22,26,76.25,77.25,81.0,101.0,37.0,138.0,32.0,229,8.2,8.75,9.75,71,10.0,1,1,0.38799999999999996,0.35,0.8,1,1,0,1,111
2012,21,42,75.25,76.75,78.75,98.5,33.5,132.0,29.0,199,6.7,8.5,8.75,78,13.1,1,1,0.485,0.48,0.81,1,0,0,1,100
2010,23,4,78.25,79.25,85.0,106.0,37.0,143.0,32.0,206,4.6,9.0,9.5,93,13.9,1,1,0.45399999999999996,0.35,0.77,0,1,0,1,569
2014,20,6,74.0,75.25,81.25,99.0,36.0,135.0,33.0,227,10.6,9.0,8.75,64,16.6,1,1,0.413,0.3,0.75,1,0,0,1,261
2014,23,15,81.0,81.75,88.0,109.0,32.85911296994358,142.6483045556355,28.20100485229522,239,7.6,9.25,9.5,138,8.9,1,1,0.526,0.41,0.76,0,1,0,1,107
2014,20,10,74.5,75.75,80.0,98.5,35.5,134.0,31.5,185,5.7,8.75,9.0,100,14.3,1,1,0.485,0.27,0.61,1,0,0,1,300
2009,20,6,71.25,72.75,76.0,95.5,40.0,135.5,33.0,196,6.3,8.151589252815256,8.931723266526904,73,16.6,1,1,0.46,0.33,0.78,1,0,0,1,163
2015,23,0,78.75,79.5,83.0,104.5,37.5,142.0,33.5,208,4.6,9.0,8.75,0,0.0,1,1,0.0,0.0,0.0,0,1,0,0,4
2013,24,37,79.5,80.75,86.5,106.5,38.0,144.5,33.5,236,5.6,9.0,10.0,89,12.7,1,1,0.493,0.3,0.63,0,1,0,1,3
2012,19,1,81.25,82.5,89.5,108.0,33.249917913585435,143.80668830597585,28.442084968698744,222,7.9,9.0,8.5,40,14.2,1,1,0.623,0.15,0.71,0,1,0,1,408
2013,22,20,78.0,79.25,83.5,105.5,36.5,142.0,30.0,198,4.9,9.0,9.5,104,9.2,1,1,0.42100000000000004,0.38,0.82,1,1,0,1,366
2013,22,34,71.0,72.0,76.5,94.5,40.5,135.0,33.0,188,5.9,8.25,9.5,132,15.5,1,1,0.45,0.42,0.8,1,0,0,1,205
2013,23,46,73.5,75.0,77.75,98.0,37.15796735000396,134.73268226164322,30.852886132733964,178,4.4,8.5,9.0,129,13.5,1,1,0.43700000000000006,0.34,0.8,1,0,0,1,52
2013,22,26,78.25,79.0,83.0,104.5,36.5,141.0,30.0,206,7.1,8.75,9.5,105,9.6,1,1,0.516,0.35,0.58,1,1,0,1,295
2012,21,8,78.0,79.0,79.25,100.5,37.5,138.0,31.0,197,3.2,8.75,10.25,69,12.3,1,1,0.45299999999999996,0.36,0.76,0,1,0,1,410
2013,23,39,82.75,84.5,86.0,110.5,29.0,139.5,26.5,222,8.7,9.0,9.75,117,8.0,1,1,0.568,1.0,0.73,0,0,1,1,206
2010,21,0,76.0,77.5,79.25,102.0,35.59474757543655,135.89106601198358,29.888565667119877,185,3.8,8.5,9.0,98,17.0,1,1,0.406,0.32,0.83,1,0,0,0,93
2013,22,13,82.75,84.0,81.75,108.0,29.5,137.5,24.5,234,6.7,8.5,10.0,101,8.9,1,1,0.594,0.33,0.71,0,0,1,1,352
2015,24,36,80.25,81.75,89.25,110.5,32.27290555448081,143.61362434758578,29.0,243,9.6,9.25,9.828996531912136,142,7.4,1,1,0.56,0.0,0.68,0,1,0,1,30
2012,19,29,73.0,74.0,79.25,96.5,40.5,137.0,32.5,180,6.3,8.25,7.75,40,10.0,1,1,0.41200000000000003,0.33,0.71,1,0,0,1,91
2013,22,0,80.5,82.25,85.5,108.5,31.5,140.0,26.0,242,8.6,9.0,11.0,135,12.4,1,1,0.522,0.33,0.66,0,1,0,0,78
2009,20,4,76.0,77.25,83.25,104.0,34.0,138.0,28.5,221,7.1,8.80976386985191,9.469375041453342,37,17.1,1,1,0.455,0.27,0.71,1,0,0,1,525
2011,21,26,78.75,80.5,81.5,104.0,32.0,136.0,25.0,228,9.8,9.0,9.25,70,14.5,1,1,0.43,0.38,0.71,1,1,0,1,151
2015,21,33,79.0,80.25,87.25,106.0,37.5,143.5,33.0,238,7.2,8.75,9.5,65,14.0,1,1,0.518,0.07,0.67,0,1,0,1,64
2014,21,36,79.25,80.5,86.25,105.0,35.5,140.5,31.0,257,10.8,9.25,9.5,91,12.7,1,1,0.467,0.22,0.62,0,1,0,1,147
2010,20,9,78.75,80.0,79.75,103.0,34.5,137.5,30.5,211,6.9,8.5,9.25,69,14.4,1,1,0.47,0.37,0.82,0,1,0,1,517
2011,21,17,76.25,77.5,81.5,99.5,42.0,141.5,36.5,222,6.5,9.0,9.0,92,12.7,1,1,0.396,0.31,0.74,1,0,0,1,384
2012,22,34,76.75,78.5,81.25,99.5,34.5,134.0,31.0,241,9.0,9.5,10.5,72,14.6,1,1,0.49200000000000005,0.35,0.68,0,1,0,1,461
2013,21,2,75.25,76.25,81.25,100.5,42.0,142.5,33.0,213,6.6,8.75,9.25,104,10.7,1,1,0.5379999999999999,0.34,0.72,1,0,0,1,366
2011,23,46,73.25,74.75,76.25,96.5,37.0,133.5,32.5,198,9.9,8.25,9.25,140,18.4,1,1,0.457,0.41,0.84,1,0,0,1,49
2010,23,23,78.25,79.5,81.75,106.0,36.0,142.0,31.0,236,7.3,9.0,9.5,134,12.9,1,1,0.5589999999999999,0.32,0.62,0,1,0,1,531
2012,21,40,77.0,78.0,81.75,102.5,34.0,136.5,30.0,174,4.1,9.0,9.5,70,15.2,1,1,0.47100000000000003,0.3,0.73,1,0,0,1,393
2010,21,13,81.0,81.75,84.0,108.0,36.0,144.0,31.0,227,10.0,9.25,10.0,61,9.2,1,1,0.5479999999999999,0.0,0.62,0,1,0,1,557
2009,21,14,80.5,82.25,86.5,109.5,33.0,142.5,28.5,228,5.2,9.104807663695928,9.710391354351401,104,10.6,1,1,0.467,0.3,0.64,0,1,0,1,261
2014,22,42,73.5,75.0,79.25,96.5,41.5,138.0,33.5,198,6.1,8.75,9.75,108,12.3,1,1,0.42100000000000004,0.36,0.73,1,0,0,1,28
2009,22,21,72.25,73.5,75.0,96.5,33.5,130.0,30.5,166,5.7,8.060806547017096,8.857564401019808,142,11.5,1,1,0.475,0.44,0.85,1,0,0,1,631
